{"loss": [1.4851424534020612, 1.0729577939733195, 0.9059651925290066, 0.7879091306437058, 0.705807856014622, 0.6459928561540339, 0.5974151270391849, 0.555284055474476, 0.5194671312248581, 0.4843065497089143, 0.4618621476183179, 0.43477630554120994, 0.41295080741068296, 0.39632128358593893, 0.37474834272510843, 0.36528491251975137, 0.34664741669355087, 0.3288426054895249, 0.31702086649350497, 0.3068434306059614, 0.29310839068656624, 0.28037854008321694, 0.274307629750616, 0.2633139833220684, 0.2509039929091873, 0.2407365012460802, 0.2349606938182237, 0.22425991401568088, 0.21466982604811033, 0.20487273488049323, 0.19851853964192023, 0.19585402719545197, 0.1862771657511272, 0.182761345324857, 0.17281059273367927, 0.16467240886289466, 0.15920712517855526, 0.15244725224577207, 0.14933561460162462, 0.14467947093130723, 0.14035289034901502, 0.1346578818675189, 0.12611478482137617, 0.12261813781494248, 0.1179067309413467, 0.112676157900459, 0.10877359837284076, 0.10743879697302601, 0.10472857142365617, 0.09883478159029413, 0.09433499098931777, 0.09222229552962237, 0.08873883558205069, 0.08173532763514542, 0.08039447471400372, 0.07919517484172778, 0.07280981839551441, 0.07188069975216661, 0.07111016617003484, 0.06862521388749115, 0.06461088697747404, 0.06121813100594067, 0.06109208566605453, 0.06140973028995142, 0.05850525399104826, 0.057391281601057074, 0.05487404296366222, 0.05263547265907533, 0.05172858252531727, 0.05016593532938151], "accuracy": [0.4584868550300598, 0.6178576946258545, 0.6813061237335205, 0.7248477935791016, 0.7573294043540955, 0.7763537168502808, 0.7952579259872437, 0.8107577562332153, 0.8224727511405945, 0.8331063985824585, 0.8416973948478699, 0.8524311184883118, 0.8595802783966064, 0.8643864393234253, 0.8713954091072083, 0.8748998641967773, 0.8800264596939087, 0.8870154023170471, 0.8921219110488892, 0.8955463171005249, 0.8992710709571838, 0.9040772318840027, 0.9058594703674316, 0.9090635776519775, 0.9133290648460388, 0.916753351688385, 0.9180765151977539, 0.9226610064506531, 0.9243031144142151, 0.9291092753410339, 0.9304309487342834, 0.9326738119125366, 0.9351770281791687, 0.9368992447853088, 0.9407241344451904, 0.9425464868545532, 0.9443086981773376, 0.9472124576568604, 0.9483739137649536, 0.9503964781761169, 0.9519985318183899, 0.9534604549407959, 0.9567646384239197, 0.9573654532432556, 0.9603092074394226, 0.9617710709571838, 0.9635934233665466, 0.9624118804931641, 0.9644744992256165, 0.9666573405265808, 0.9681792855262756, 0.9688000679016113, 0.9698614478111267, 0.9732857942581177, 0.972364604473114, 0.9734914898872375, 0.9755652546882629, 0.976770281791687, 0.9764899015426636, 0.9771907925605774, 0.9796339273452759, 0.9804149270057678, 0.9803147912025452, 0.9800745248794556, 0.9808555245399475, 0.9816365242004395, 0.9824975728988647, 0.9830783605575562, 0.9838593602180481, 0.9844601154327393], "val_loss": [1.3288489287825906, 1.316148862717258, 1.060605675551542, 1.2382279057411631, 0.8490480727450863, 1.0319483101747597, 0.8588117138974986, 0.7403985117651095, 0.759849775558824, 0.6319155514619912, 0.5449775117597763, 0.5389688263653191, 0.9796090055802825, 0.6343009468096836, 0.5233943593350185, 0.6831653638250509, 0.47686522525207253, 0.7089569160513057, 0.5050395562010965, 0.5619889825202857, 0.4187929215514736, 0.4825978150033647, 0.5041344987738664, 0.4331897239016879, 0.5298460278731243, 0.4779532002225803, 0.4569487666628163, 0.4779090458040784, 0.4954351170617304, 0.5487503748221002, 0.5340548862887037, 0.48346892288725846, 0.4189140596397363, 0.4368928221950106, 0.38497119914194583, 0.42259931792119504, 0.4085770872937646, 0.4175407913080446, 0.4172160540986213, 0.45677687284673096, 0.4875764994864251, 0.4428661864274626, 0.3748145177011277, 0.4276195468416639, 0.4259105262103354, 0.39754817734478387, 0.3863253839741087, 0.45838347831918935, 0.4165542035535642, 0.38581641644808895, 0.4069731923140538, 0.4182655136011968, 0.41599654572404876, 0.4246931938324005, 0.3913389963993601, 0.37850210651945154, 0.402368497518692, 0.387071569206988, 0.36947627488974555, 0.37717498463999694, 0.3777107432199891, 0.3933355087877079, 0.3853358436067393, 0.3751187690883685, 0.37954895411896855, 0.36849957353370205, 0.3690613456022967, 0.3650360180741283, 0.36469090241155805, 0.3609460218791749], "val_accuracy": [0.5360999703407288, 0.5631999969482422, 0.6541000008583069, 0.6090999841690063, 0.7038999795913696, 0.7077000141143799, 0.7285000085830688, 0.7597000002861023, 0.7649999856948853, 0.7889999747276306, 0.817300021648407, 0.8227999806404114, 0.7232999801635742, 0.8012999892234802, 0.824400007724762, 0.791100025177002, 0.840399980545044, 0.7996000051498413, 0.8331000208854675, 0.8205999732017517, 0.8605999946594238, 0.8508999943733215, 0.8439000248908997, 0.864300012588501, 0.8452000021934509, 0.8572999835014343, 0.8553000092506409, 0.8474000096321106, 0.8482000231742859, 0.8461999893188477, 0.8431000113487244, 0.861299991607666, 0.8738999962806702, 0.8686000108718872, 0.8823000192642212, 0.8712999820709229, 0.8754000067710876, 0.8784000277519226, 0.876800000667572, 0.8680999875068665, 0.8639000058174133, 0.8738999962806702, 0.8896999955177307, 0.8794999718666077, 0.8781999945640564, 0.8876000046730042, 0.8866999745368958, 0.8759999871253967, 0.8842999935150146, 0.8913999795913696, 0.8883000016212463, 0.8852999806404114, 0.8848000168800354, 0.8862000107765198, 0.8901000022888184, 0.8973000049591064, 0.8906999826431274, 0.8939999938011169, 0.9002000093460083, 0.8988999724388123, 0.8982999920845032, 0.8971999883651733, 0.8992000222206116, 0.8967999815940857, 0.8974999785423279, 0.9016000032424927, 0.9010000228881836, 0.901199996471405, 0.900600016117096, 0.9017000198364258]}