{"loss": [1.432745933227148, 0.9968080993303692, 0.8239376429600885, 0.7113928692877884, 0.6363741228191641, 0.5757319709117197, 0.5264385739071024, 0.4958488621111292, 0.4615870409575612, 0.4253706569780107, 0.4032618069793887, 0.382496032499801, 0.3653931117561986, 0.3437751737476656, 0.32343126672538797, 0.31240078578656855, 0.29512238539027236, 0.2770290702762836, 0.2647946750418722, 0.25840974392626614, 0.24179938217838085, 0.23417148985701544, 0.21845479945519994, 0.2092204314657451, 0.20788240331617422, 0.19505263907766784, 0.18477839095895773, 0.17977491353937772, 0.17220939646180491, 0.1608003133027868, 0.1587713361407718, 0.1445238314060514, 0.14273531180148474, 0.13838527241088533, 0.1340960903294344, 0.12086388371283238, 0.12220072290075012, 0.11238361448502686, 0.11091321317157621, 0.10353384910104214, 0.10128227171560619, 0.09705426711624907, 0.09037804992935743, 0.08844693738206844, 0.08178762507376353, 0.0838965770389523, 0.07449969103173715, 0.0738189791743093, 0.06675702031762677, 0.06751714343994675, 0.061568013889531856, 0.059167322864143064, 0.057281637991617715, 0.05449428702849335, 0.050835589718614314, 0.047238461052576765, 0.04505839813805309, 0.043463295259987725, 0.042878833058976815, 0.038757718091658136, 0.036784370473977826, 0.037184265290304316, 0.03624737142170136, 0.033018898537865306, 0.0336445780301324, 0.031828041763445655, 0.03013579587943587, 0.028993509994513597, 0.027488140012139083, 0.02820621432425578], "accuracy": [0.47526833415031433, 0.6466677188873291, 0.7123918533325195, 0.7550665140151978, 0.7797380685806274, 0.8030679225921631, 0.8192285895347595, 0.8309035301208496, 0.8424183130264282, 0.856015682220459, 0.862544059753418, 0.8682113289833069, 0.873878538608551, 0.882049024105072, 0.8883971571922302, 0.8932633996009827, 0.8989105820655823, 0.9056392312049866, 0.9097244739532471, 0.9122276306152344, 0.9161927103996277, 0.9189963340759277, 0.9257048964500427, 0.9276674389839172, 0.928176999092102, 0.9336914420127869, 0.9360181093215942, 0.9372997283935547, 0.9410244822502136, 0.9443022012710571, 0.9440146088600159, 0.9493952393531799, 0.9506968855857849, 0.9526193737983704, 0.9541613459587097, 0.957305371761322, 0.9576658010482788, 0.961427628993988, 0.9615138173103333, 0.9644144773483276, 0.9646347165107727, 0.9670377969741821, 0.9684996604919434, 0.9693407416343689, 0.9711630940437317, 0.9710028767585754, 0.9745875000953674, 0.9745274186134338, 0.9782121181488037, 0.9775112271308899, 0.9791333079338074, 0.9804149270057678, 0.9809556007385254, 0.9817366003990173, 0.9832585453987122, 0.984375, 0.9850866198539734, 0.9857617616653442, 0.9850408434867859, 0.987544059753418, 0.9883250594139099, 0.9884251952171326, 0.9878444671630859, 0.9899070858955383, 0.9891661405563354, 0.9905879497528076, 0.9906880855560303, 0.9911887049674988, 0.9919096231460571, 0.9917094111442566], "val_loss": [1.9870835071916033, 1.0167432362866249, 0.9119356950377203, 0.8754550210989205, 0.8496298097121487, 0.6108278024728131, 0.6178249728148151, 0.6293648059960384, 0.6994890342852113, 0.4877118988401571, 0.871537171921153, 0.4858193648089269, 0.6392396956112734, 0.4872918087206069, 0.4431513487153752, 0.4653961760982586, 0.3967643133394278, 0.5193881939171227, 0.5191091254448436, 0.43836628783280684, 0.5128721205671881, 0.46860786445533775, 0.4170963550639001, 0.49961637871660247, 0.4102669606447979, 0.49334340310020813, 0.39761681959127926, 0.3478666540164097, 0.4278064611231446, 0.43238152193415696, 0.4964826494265514, 0.49103610426377337, 0.4726005017187945, 0.42226427148102197, 0.38343439830146775, 0.47971131140069595, 0.41603314112515966, 0.44303464324800834, 0.4890290552833278, 0.433243612930843, 0.4124141843503068, 0.3972071208249611, 0.4622145942797896, 0.415007153229349, 0.3958441545344462, 0.44471014713405804, 0.4396299834179271, 0.38479056899809533, 0.4126058512480016, 0.4560572752717194, 0.40449297741340223, 0.39565761048038295, 0.395907155860951, 0.4081676890658345, 0.3892859623524224, 0.4118062506435783, 0.38211890291066686, 0.3804766637551936, 0.3649051485191675, 0.41214458329994585, 0.3731895507948034, 0.38101399191625557, 0.380347688249342, 0.3739522038276788, 0.3877146225303981, 0.37258809330357107, 0.36795522113609463, 0.37104958535474575, 0.36942242413379583, 0.36819641657505825], "val_accuracy": [0.4323999881744385, 0.6517000198364258, 0.6904000043869019, 0.7106999754905701, 0.7078999876976013, 0.7932999730110168, 0.8011000156402588, 0.795799970626831, 0.7932999730110168, 0.8327999711036682, 0.7329000234603882, 0.8392999768257141, 0.7997000217437744, 0.8339999914169312, 0.8554999828338623, 0.8493000268936157, 0.8646000027656555, 0.84579998254776, 0.84170001745224, 0.8579999804496765, 0.8500999808311462, 0.8549000024795532, 0.8659999966621399, 0.8503999710083008, 0.8711000084877014, 0.8499000072479248, 0.8776000142097473, 0.8866000175476074, 0.8740000128746033, 0.8708999752998352, 0.8531000018119812, 0.8655999898910522, 0.8657000064849854, 0.878600001335144, 0.8865000009536743, 0.8769000172615051, 0.8847000002861023, 0.8734999895095825, 0.8719000220298767, 0.8871999979019165, 0.8907999992370605, 0.8919000029563904, 0.8802000284194946, 0.8903999924659729, 0.897599995136261, 0.8845000267028809, 0.8873999714851379, 0.8989999890327454, 0.8924000263214111, 0.8889999985694885, 0.8988999724388123, 0.9013000130653381, 0.8980000019073486, 0.8977000117301941, 0.9035000205039978, 0.8978999853134155, 0.9041000008583069, 0.9067000150680542, 0.907800018787384, 0.8992000222206116, 0.9059000015258789, 0.9064000248908997, 0.90829998254776, 0.9064000248908997, 0.9052000045776367, 0.9075999855995178, 0.9078999757766724, 0.909500002861023, 0.9096999764442444, 0.9096999764442444]}