{"loss": [6.232912004926636, 5.686547023845809, 5.122957319874841, 4.438900563369504, 4.123820984285087, 3.945610603007785, 3.823683464109336, 3.713231913030964, 3.6188976387603495, 3.5402726598151575, 3.474359625578987, 3.416185948628587, 3.360485911051206, 3.331600139328136, 3.279892931882013, 3.2562627561617057, 3.219358496300331, 3.1940811987216735, 3.169330666824881, 3.1470074568369957, 3.12464174510024, 3.1106129469682346, 3.0885159599889196, 3.0727935291189166, 3.0673197458444, 3.046439155143598, 3.0343048673065462, 3.024442598629286, 3.005916545705383, 3.0016140180260997, 2.9920935396663744, 2.984651999209746, 2.972443289867904, 2.960646466626919, 2.9590674375134673, 2.9532670014440283, 2.9454897737782995, 2.937140817044999, 2.9337823898676474, 2.9214492180957805, 2.6280521058595365, 2.5067443843838837, 2.450041588632434, 2.405551119729561, 2.37134672280118, 2.3241659562245203, 2.3077571955763814, 2.3020079986329307, 2.2950876471708304, 2.2861850118535285, 2.2846991603133984, 2.2818440334840595, 2.276727974234559, 2.2757216767258672, 2.2720002205510554, 2.2681769704920467, 2.2655869548249936, 2.257944738519211, 2.255465655432034, 2.251533729541007, 2.243422634171922, 2.2476689046948986, 2.241278499497402, 2.2372814104705916, 2.2357635978404535], "accuracy": [0.04208526015281677, 0.06481275707483292, 0.09979318827390671, 0.15436533093452454, 0.1926814615726471, 0.22439290583133698, 0.24621953070163727, 0.26949164271354675, 0.2840575575828552, 0.2999577522277832, 0.31158822774887085, 0.3246864378452301, 0.3355163633823395, 0.33993062376976013, 0.3524395227432251, 0.3590775728225708, 0.36640501022338867, 0.3740104138851166, 0.379114031791687, 0.38566315174102783, 0.39061111211776733, 0.3932129442691803, 0.39992883801460266, 0.4028865098953247, 0.4051547646522522, 0.4101138710975647, 0.41368305683135986, 0.41656288504600525, 0.4181862771511078, 0.4209437966346741, 0.4227450489997864, 0.42318981885910034, 0.4279932379722595, 0.43238526582717896, 0.4314623773097992, 0.4337862432003021, 0.4342643618583679, 0.43731096386909485, 0.4375111162662506, 0.44153621792793274, 0.5033228397369385, 0.5251623392105103, 0.5354140996932983, 0.5414406061172485, 0.5474225878715515, 0.554509699344635, 0.5610767602920532, 0.5610211491584778, 0.5611323714256287, 0.5641233921051025, 0.5646459460258484, 0.5635896921157837, 0.5632560849189758, 0.5658134818077087, 0.5648460984230042, 0.5667896270751953, 0.566836416721344, 0.5671144127845764, 0.5675814151763916, 0.5687711238861084, 0.5702832937240601, 0.5700609087944031, 0.5724403858184814, 0.5689712762832642, 0.5696717500686646], "val_loss": [5.633870937885383, 5.673407655495864, 4.779534101486206, 4.625118787472065, 4.63995377222697, 4.2137149175008135, 4.26727403432895, 3.8925483578290696, 4.090432215959598, 3.9378992792887564, 3.7321301882083597, 4.099114155158018, 3.8715554506350784, 3.64784592237228, 3.789866994588803, 3.7092844614615808, 3.675818253786136, 3.9194252689679465, 3.9068126877148948, 4.009300746978858, 3.7153062300804334, 3.6961424962068214, 3.7011954325896044, 3.62097801000644, 3.649390168679066, 3.717272630104652, 3.631388387618921, 3.6743420698703866, 3.754300533196865, 3.9014685383209815, 3.8380071704204264, 3.8168028317964993, 3.967146045122391, 3.5705793423530383, 3.62661924576148, 3.4917196264633765, 3.3817450404167175, 3.663357464166788, 3.603469634667421, 3.4555327479655924, 3.047676314146091, 3.0198529867025523, 3.0026548703511557, 2.9352352221806846, 2.96821629236906, 2.9178819686938553, 2.918964315683414, 2.9256321787834167, 2.9216617009578605, 2.9175179982796693, 2.9247861183606663, 2.9208265711099672, 2.9297926609332743, 2.9232758528146987, 2.9216994704344335, 2.917964770243718, 2.906011191698221, 2.9070185743845425, 2.9085434690499916, 2.9177415584906554, 2.9129102321771474, 2.904432860704569, 2.9154715553308144, 2.9079431157845717, 2.896313895017673], "val_accuracy": [0.06199919804930687, 0.07336956262588501, 0.11745169013738632, 0.12922705709934235, 0.15489129722118378, 0.1899154633283615, 0.19977858662605286, 0.24446457624435425, 0.2135668247938156, 0.24859097599983215, 0.2821054756641388, 0.24144524335861206, 0.2659017741680145, 0.30042269825935364, 0.27727454900741577, 0.2995169162750244, 0.3001207709312439, 0.27073270082473755, 0.2753623127937317, 0.28200483322143555, 0.30283817648887634, 0.30434781312942505, 0.3118961453437805, 0.3153180480003357, 0.31803542375564575, 0.30716586112976074, 0.3175322115421295, 0.311694860458374, 0.3092793822288513, 0.28089773654937744, 0.2999194860458374, 0.3033413887023926, 0.29307568073272705, 0.33383655548095703, 0.3202495872974396, 0.3457125723361969, 0.3682568371295929, 0.32799920439720154, 0.33021336793899536, 0.3643317222595215, 0.4289863705635071, 0.43347424268722534, 0.43649354577064514, 0.4506843686103821, 0.44061997532844543, 0.44921875, 0.4485708475112915, 0.44887277483940125, 0.45038244128227234, 0.448772132396698, 0.44907405972480774, 0.4492753744125366, 0.44847020506858826, 0.4489734172821045, 0.4485708475112915, 0.44971954822540283, 0.4513888955116272, 0.4522946774959564, 0.45189210772514343, 0.45018115639686584, 0.4502817988395691, 0.45169082283973694, 0.44867148995399475, 0.4504830837249756, 0.4517914652824402]}