{"R": 122.44530557725695, "G": 114.25850965711805, "B": 101.39802584092882}